time,probability
0.000000,1.000000
0.021333,0.000111
0.042667,0.000000
0.064000,0.000000
0.085333,0.000000
0.106667,0.000000
0.128000,0.000000
0.149333,0.000000
0.170667,0.000000
0.192000,0.000000
0.213333,0.000000
0.234667,0.009075
0.256000,0.486752
0.277333,0.000000
0.298667,0.000000
0.320000,0.000000
0.341333,0.000000
0.362667,0.000000
0.384000,0.000000
0.405333,0.000000
0.426667,0.000000
0.448000,0.000000
0.469333,0.000000
0.490667,0.175131
0.512000,0.056135
0.533333,0.000000
0.554667,0.000000
0.576000,0.000000
0.597333,0.000000
0.618667,0.000000
0.640000,0.000000
0.661333,0.000000
0.682667,0.000000
0.704000,0.000000
0.725333,0.000005
0.746667,0.800737
0.768000,0.001534
0.789333,0.000000
0.810667,0.000000
0.832000,0.000000
0.853333,0.000000
0.874667,0.000000
0.896000,0.000000
0.917333,0.000000
0.938667,0.000000
0.960000,0.000000
0.981333,0.000941
1.002667,0.867428
1.024000,0.000000
1.045333,0.000000
1.066667,0.000000
1.088000,0.000000
1.109333,0.000000
1.130667,0.000000
1.152000,0.000000
1.173333,0.000000
1.194667,0.000000
1.216000,0.000000
1.237333,0.040401
1.258667,0.222635
1.280000,0.000000
1.301333,0.000000
1.322667,0.000000
1.344000,0.000000
1.365333,0.000000
1.386667,0.000000
1.408000,0.000000
1.429333,0.000000
1.450667,0.000000
1.472000,0.000000
1.493333,0.411112
1.514667,0.013538
1.536000,0.000000
1.557333,0.000000
1.578667,0.000000
1.600000,0.000000
1.621333,0.000000
1.642667,0.000000
1.664000,0.000000
1.685333,0.000000
1.706667,0.000000
1.728000,0.000063
1.749333,0.991151
1.770667,0.000195
1.792000,0.000000
1.813333,0.000000
1.834667,0.000000
1.856000,0.000000
1.877333,0.000000
1.898667,0.000000
1.920000,0.000000
1.941333,0.000000
1.962667,0.000000
1.984000,0.005976
2.005333,0.566154
2.026667,0.000000
2.048000,0.000000
2.069333,0.000000
2.090667,0.000000
2.112000,0.000000
2.133333,0.000000
2.154667,0.000000
2.176000,0.000000
2.197333,0.000000
2.218667,0.000000
2.240000,0.135335
2.261333,0.076621
2.282667,0.000000
2.304000,0.000000
2.325333,0.000000
2.346667,0.000000
2.368000,0.000000
2.389333,0.000000
2.410667,0.000000
2.432000,0.000000
2.453333,0.000000
2.474667,0.000003
2.496000,0.726149
2.517333,0.002457
2.538667,0.000000
2.560000,0.000000
2.581333,0.000000
2.602667,0.000000
2.624000,0.000000
2.645333,0.000000
2.666667,0.000000
2.688000,0.000000
2.709333,0.000000
2.730667,0.000567
2.752000,0.923116
2.773333,0.000000
2.794667,0.000000
2.816000,0.000000
2.837333,0.000000
2.858667,0.000000
2.880000,0.000000
2.901333,0.000000
2.922667,0.000000
2.944000,0.000000
2.965333,0.000000
2.986667,0.028566
3.008000,0.278037
3.029333,0.000000
3.050667,0.000000
3.072000,0.000000
3.093333,0.000000
3.114667,0.000000
3.136000,0.000000
3.157333,0.000000
3.178667,0.000000
3.200000,0.000000
3.221333,0.000000
3.242667,0.341108
3.264000,0.019841
3.285333,0.000000
3.306667,0.000000
3.328000,0.000000
3.349333,0.000000
3.370667,0.000000
3.392000,0.000000
3.413333,0.000000
3.434667,0.000000
3.456000,0.000000
3.477333,0.000034
3.498667,0.965069
3.520000,0.000335
3.541333,0.000000
3.562667,0.000000
3.584000,0.000000
3.605333,0.000000
3.626667,0.000000
3.648000,0.000000
3.669333,0.000000
3.690667,0.000000
3.712000,0.000000
3.733333,0.003866
3.754667,0.646905
3.776000,0.000000
3.797333,0.000000
3.818667,0.000000
3.840000,0.000000
3.861333,0.000000
3.882667,0.000000
3.904000,0.000000
3.925333,0.000000
3.946667,0.000000
3.968000,0.000000
3.989333,0.102740
4.010667,0.102740
4.032000,0.000000
4.053333,0.000000
4.074667,0.000000
4.096000,0.000000
4.117333,0.000000
4.138667,0.000000
4.160000,0.000000
4.181333,0.000000
4.202667,0.000000
4.224000,0.000001
4.245333,0.646905
4.266667,0.003866
4.288000,0.000000
4.309333,0.000000
4.330667,0.000000
4.352000,0.000000
4.373333,0.000000
4.394667,0.000000
4.416000,0.000000
4.437333,0.000000
4.458667,0.000000
4.480000,0.000335
4.501333,0.965069
4.522667,0.000000
4.544000,0.000000
4.565333,0.000000
4.586667,0.000000
4.608000,0.000000
4.629333,0.000000
4.650667,0.000000
4.672000,0.000000
4.693333,0.000000
4.714667,0.000000
4.736000,0.019841
4.757333,0.341108
4.778667,0.000000
4.800000,0.000000
4.821333,0.000000
4.842667,0.000000
4.864000,0.000000
4.885333,0.000000
4.906667,0.000000
4.928000,0.000000
4.949333,0.000000
4.970667,0.000000
4.992000,0.278037
5.013333,0.028566
5.034667,0.000000
5.056000,0.000000
5.077333,0.000000
5.098667,0.000000
5.120000,0.000000
5.141333,0.000000
5.162667,0.000000
5.184000,0.000000
5.205333,0.000000
5.226667,0.000019
5.248000,0.923116
5.269333,0.000567
5.290667,0.000000
5.312000,0.000000
5.333333,0.000000
5.354667,0.000000
5.376000,0.000000
5.397333,0.000000
5.418667,0.000000
5.440000,0.000000
5.461333,0.000000
5.482667,0.002457
5.504000,0.726149
5.525333,0.000000
5.546667,0.000000
5.568000,0.000000
5.589333,0.000000
5.610667,0.000000
5.632000,0.000000
5.653333,0.000000
5.674667,0.000000
5.696000,0.000000
5.717333,0.000000
5.738667,0.076621
5.760000,0.135335
5.781333,0.000000
5.802667,0.000000
5.824000,0.000000
5.845333,0.000000
5.866667,0.000000
5.888000,0.000000
5.909333,0.000000
5.930667,0.000000
5.952000,0.000000
5.973333,0.000001
5.994667,0.566154
6.016000,0.005976
6.037333,0.000000
6.058667,0.000000
6.080000,0.000000
6.101333,0.000000
6.122667,0.000000
6.144000,0.000000
6.165333,0.000000
6.186667,0.000000
6.208000,0.000000
6.229333,0.000195
6.250667,0.991151
6.272000,0.000000
6.293333,0.000000
6.314667,0.000000
6.336000,0.000000
6.357333,0.000000
6.378667,0.000000
6.400000,0.000000
6.421333,0.000000
6.442667,0.000000
6.464000,0.000000
6.485333,0.013538
6.506667,0.411112
6.528000,0.000000
6.549333,0.000000
6.570667,0.000000
6.592000,0.000000
6.613333,0.000000
6.634667,0.000000
6.656000,0.000000
6.677333,0.000000
6.698667,0.000000
6.720000,0.000000
6.741333,0.222635
6.762667,0.040401
6.784000,0.000000
6.805333,0.000000
6.826667,0.000000
6.848000,0.000000
6.869333,0.000000
6.890667,0.000000
6.912000,0.000000
6.933333,0.000000
6.954667,0.000000
6.976000,0.000010
6.997333,0.867428
7.018667,0.000941
7.040000,0.000000
7.061333,0.000000
7.082667,0.000000
7.104000,0.000000
7.125333,0.000000
7.146667,0.000000
7.168000,0.000000
7.189333,0.000000
7.210667,0.000000
7.232000,0.001534
7.253333,0.800737
7.274667,0.000000
7.296000,0.000000
7.317333,0.000000
7.338667,0.000000
7.360000,0.000000
7.381333,0.000000
7.402667,0.000000
7.424000,0.000000
7.445333,0.000000
7.466667,0.000000
7.488000,0.056135
7.509333,0.175131
7.530667,0.000000
7.552000,0.000000
7.573333,0.000000
7.594667,0.000000
7.616000,0.000000
7.637333,0.000000
7.658667,0.000000
7.680000,0.000000
7.701333,0.000000
7.722667,0.000000
7.744000,0.486752
7.765333,0.009075
7.786667,0.000000
7.808000,0.000000
7.829333,0.000000
7.850667,0.000000
7.872000,0.000000
7.893333,0.000000
7.914667,0.000000
7.936000,0.000000
7.957333,0.000000
7.978667,0.000111
8.000000,1.000000
8.021333,0.000111
8.042667,0.000000
8.064000,0.000000
8.085333,0.000000
8.106667,0.000000
8.128000,0.000000
8.149333,0.000000
8.170667,0.000000
8.192000,0.000000
8.213333,0.000000
8.234667,0.009075
8.256000,0.486752
8.277333,0.000000
8.298667,0.000000
8.320000,0.000000
8.341333,0.000000
8.362667,0.000000
8.384000,0.000000
8.405333,0.000000
8.426667,0.000000
8.448000,0.000000
8.469333,0.000000
8.490667,0.175131
8.512000,0.056135
8.533333,0.000000
8.554667,0.000000
8.576000,0.000000
8.597333,0.000000
8.618667,0.000000
8.640000,0.000000
8.661333,0.000000
8.682667,0.000000
8.704000,0.000000
8.725333,0.000005
8.746667,0.800737
8.768000,0.001534
8.789333,0.000000
8.810667,0.000000
8.832000,0.000000
8.853333,0.000000
8.874667,0.000000
8.896000,0.000000
8.917333,0.000000
8.938667,0.000000
8.960000,0.000000
8.981333,0.000941
9.002667,0.867428
9.024000,0.000000
9.045333,0.000000
9.066667,0.000000
9.088000,0.000000
9.109333,0.000000
9.130667,0.000000
9.152000,0.000000
9.173333,0.000000
9.194667,0.000000
9.216000,0.000000
9.237333,0.040401
9.258667,0.222635
9.280000,0.000000
9.301333,0.000000
9.322667,0.000000
9.344000,0.000000
9.365333,0.000000
9.386667,0.000000
9.408000,0.000000
9.429333,0.000000
9.450667,0.000000
9.472000,0.000000
9.493333,0.411112
9.514667,0.013538
9.536000,0.000000
9.557333,0.000000
9.578667,0.000000
9.600000,0.000000
9.621333,0.000000
9.642667,0.000000
9.664000,0.000000
9.685333,0.000000
9.706667,0.000000
9.728000,0.000063
9.749333,0.991151
9.770667,0.000195
9.792000,0.000000
9.813333,0.000000
9.834667,0.000000
9.856000,0.000000
9.877333,0.000000
9.898667,0.000000
9.920000,0.000000
9.941333,0.000000
9.962667,0.000000
9.984000,0.005976
10.005333,0.566154
10.026667,0.000000
10.048000,0.000000
10.069333,0.000000
10.090667,0.000000
10.112000,0.000000
10.133333,0.000000
10.154667,0.000000
10.176000,0.000000
10.197333,0.000000
10.218667,0.000000
10.240000,0.135335
10.261333,0.076621
10.282667,0.000000
10.304000,0.000000
10.325333,0.000000
10.346667,0.000000
10.368000,0.000000
10.389333,0.000000
10.410667,0.000000
10.432000,0.000000
10.453333,0.000000
10.474667,0.000003
10.496000,0.726149
10.517333,0.002457
10.538667,0.000000
10.560000,0.000000
10.581333,0.000000
10.602667,0.000000
10.624000,0.000000
10.645333,0.000000
10.666667,0.000000
10.688000,0.000000
10.709333,0.000000
10.730667,0.000567
10.752000,0.923116
10.773333,0.000000
10.794667,0.000000
10.816000,0.000000
10.837333,0.000000
10.858667,0.000000
10.880000,0.000000
10.901333,0.000000
10.922667,0.000000
10.944000,0.000000
10.965333,0.000000
10.986667,0.028566
11.008000,0.278037
11.029333,0.000000
11.050667,0.000000
11.072000,0.000000
11.093333,0.000000
11.114667,0.000000
11.136000,0.000000
11.157333,0.000000
11.178667,0.000000
11.200000,0.000000
11.221333,0.000000
11.242667,0.341108
11.264000,0.019841
11.285333,0.000000
11.306667,0.000000
11.328000,0.000000
11.349333,0.000000
11.370667,0.000000
11.392000,0.000000
11.413333,0.000000
11.434667,0.000000
11.456000,0.000000
11.477333,0.000034
11.498667,0.965069
11.520000,0.000335
11.541333,0.000000
11.562667,0.000000
11.584000,0.000000
11.605333,0.000000
11.626667,0.000000
11.648000,0.000000
11.669333,0.000000
11.690667,0.000000
11.712000,0.000000
11.733333,0.003866
11.754667,0.646905
11.776000,0.000000
11.797333,0.000000
11.818667,0.000000
11.840000,0.000000
11.861333,0.000000
11.882667,0.000000
11.904000,0.000000
11.925333,0.000000
11.946667,0.000000
11.968000,0.000000
11.989333,0.102740
12.010667,0.102740
12.032000,0.000000
12.053333,0.000000
12.074667,0.000000
12.096000,0.000000
12.117333,0.000000
12.138667,0.000000
12.160000,0.000000
12.181333,0.000000
12.202667,0.000000
12.224000,0.000001
12.245333,0.646905
12.266667,0.003866
12.288000,0.000000
12.309333,0.000000
12.330667,0.000000
12.352000,0.000000
12.373333,0.000000
12.394667,0.000000
12.416000,0.000000
12.437333,0.000000
12.458667,0.000000
12.480000,0.000335
12.501333,0.965069
12.522667,0.000000
12.544000,0.000000
12.565333,0.000000
12.586667,0.000000
12.608000,0.000000
12.629333,0.000000
12.650667,0.000000
12.672000,0.000000
12.693333,0.000000
12.714667,0.000000
12.736000,0.019841
12.757333,0.341108
12.778667,0.000000
12.800000,0.000000
12.821333,0.000000
12.842667,0.000000
12.864000,0.000000
12.885333,0.000000
12.906667,0.000000
12.928000,0.000000
12.949333,0.000000
12.970667,0.000000
12.992000,0.278037
13.013333,0.028566
13.034667,0.000000
13.056000,0.000000
13.077333,0.000000
13.098667,0.000000
13.120000,0.000000
13.141333,0.000000
13.162667,0.000000
13.184000,0.000000
13.205333,0.000000
13.226667,0.000019
13.248000,0.923116
13.269333,0.000567
13.290667,0.000000
13.312000,0.000000
13.333333,0.000000
13.354667,0.000000
13.376000,0.000000
13.397333,0.000000
13.418667,0.000000
13.440000,0.000000
13.461333,0.000000
13.482667,0.002457
13.504000,0.726149
13.525333,0.000000
13.546667,0.000000
13.568000,0.000000
13.589333,0.000000
13.610667,0.000000
13.632000,0.000000
13.653333,0.000000
13.674667,0.000000
13.696000,0.000000
13.717333,0.000000
13.738667,0.076621
13.760000,0.135335
13.781333,0.000000
13.802667,0.000000
13.824000,0.000000
13.845333,0.000000
13.866667,0.000000
13.888000,0.000000
13.909333,0.000000
13.930667,0.000000
13.952000,0.000000
13.973333,0.000001
13.994667,0.566154
14.016000,0.005976
14.037333,0.000000
14.058667,0.000000
14.080000,0.000000
14.101333,0.000000
14.122667,0.000000
14.144000,0.000000
14.165333,0.000000
14.186667,0.000000
14.208000,0.000000
14.229333,0.000195
14.250667,0.991151
14.272000,0.000000
14.293333,0.000000
14.314667,0.000000
14.336000,0.000000
14.357333,0.000000
14.378667,0.000000
14.400000,0.000000
14.421333,0.000000
14.442667,0.000000
14.464000,0.000000
14.485333,0.013538
14.506667,0.411112
14.528000,0.000000
14.549333,0.000000
14.570667,0.000000
14.592000,0.000000
14.613333,0.000000
14.634667,0.000000
14.656000,0.000000
14.677333,0.000000
14.698667,0.000000
14.720000,0.000000
14.741333,0.222635
14.762667,0.040401
14.784000,0.000000
14.805333,0.000000
14.826667,0.000000
14.848000,0.000000
14.869333,0.000000
14.890667,0.000000
14.912000,0.000000
14.933333,0.000000
14.954667,0.000000
14.976000,0.000010
14.997333,0.867428
15.018667,0.000941
15.040000,0.000000
15.061333,0.000000
15.082667,0.000000
15.104000,0.000000
15.125333,0.000000
15.146667,0.000000
15.168000,0.000000
15.189333,0.000000
15.210667,0.000000
15.232000,0.001534
15.253333,0.800737
15.274667,0.000000
15.296000,0.000000
15.317333,0.000000
15.338667,0.000000
15.360000,0.000000
15.381333,0.000000
15.402667,0.000000
15.424000,0.000000
15.445333,0.000000
15.466667,0.000000
15.488000,0.056135
15.509333,0.175131
15.530667,0.000000
15.552000,0.000000
15.573333,0.000000
15.594667,0.000000
15.616000,0.000000
15.637333,0.000000
15.658667,0.000000
15.680000,0.000000
15.701333,0.000000
15.722667,0.000000
15.744000,0.486752
15.765333,0.009075
15.786667,0.000000
15.808000,0.000000
15.829333,0.000000
15.850667,0.000000
15.872000,0.000000
15.893333,0.000000
15.914667,0.000000
15.936000,0.000000
15.957333,0.000000
15.978667,0.000111
16.000000,1.000000
16.021333,0.000111
16.042667,0.000000
16.064000,0.000000
16.085333,0.000000
16.106667,0.000000
16.128000,0.000000
16.149333,0.000000
16.170667,0.000000
16.192000,0.000000
16.213333,0.000000
16.234667,0.009075
16.256000,0.486752
16.277333,0.000000
16.298667,0.000000
16.320000,0.000000
16.341333,0.000000
16.362667,0.000000
16.384000,0.000000
16.405333,0.000000
16.426667,0.000000
16.448000,0.000000
16.469333,0.000000
16.490667,0.175131
16.512000,0.056135
16.533333,0.000000
16.554667,0.000000
16.576000,0.000000
16.597333,0.000000
16.618667,0.000000
16.640000,0.000000
16.661333,0.000000
16.682667,0.000000
16.704000,0.000000
16.725333,0.000005
16.746667,0.800737
16.768000,0.001534
16.789333,0.000000
16.810667,0.000000
16.832000,0.000000
16.853333,0.000000
16.874667,0.000000
16.896000,0.000000
16.917333,0.000000
16.938667,0.000000
16.960000,0.000000
16.981333,0.000941
17.002667,0.867428
17.024000,0.000000
17.045333,0.000000
17.066667,0.000000
17.088000,0.000000
17.109333,0.000000
17.130667,0.000000
17.152000,0.000000
17.173333,0.000000
17.194667,0.000000
17.216000,0.000000
17.237333,0.040401
17.258667,0.222635
17.280000,0.000000
17.301333,0.000000
17.322667,0.000000
17.344000,0.000000
17.365333,0.000000
17.386667,0.000000
17.408000,0.000000
17.429333,0.000000
17.450667,0.000000
17.472000,0.000000
17.493333,0.411112
17.514667,0.013538
17.536000,0.000000
17.557333,0.000000
17.578667,0.000000
17.600000,0.000000
17.621333,0.000000
17.642667,0.000000
17.664000,0.000000
17.685333,0.000000
17.706667,0.000000
17.728000,0.000063
17.749333,0.991151
17.770667,0.000195
17.792000,0.000000
17.813333,0.000000
17.834667,0.000000
17.856000,0.000000
17.877333,0.000000
17.898667,0.000000
17.920000,0.000000
17.941333,0.000000
17.962667,0.000000
17.984000,0.005976
18.005333,0.566154
18.026667,0.000000
18.048000,0.000000
18.069333,0.000000
18.090667,0.000000
18.112000,0.000000
18.133333,0.000000
18.154667,0.000000
18.176000,0.000000
18.197333,0.000000
18.218667,0.000000
18.240000,0.135335
18.261333,0.076621
18.282667,0.000000
18.304000,0.000000
18.325333,0.000000
18.346667,0.000000
18.368000,0.000000
18.389333,0.000000
18.410667,0.000000
18.432000,0.000000
18.453333,0.000000
18.474667,0.000003
18.496000,0.726149
18.517333,0.002457
18.538667,0.000000
18.560000,0.000000
18.581333,0.000000
18.602667,0.000000
18.624000,0.000000
18.645333,0.000000
18.666667,0.000000
18.688000,0.000000
18.709333,0.000000
18.730667,0.000567
18.752000,0.923116
18.773333,0.000000
18.794667,0.000000
18.816000,0.000000
18.837333,0.000000
18.858667,0.000000
18.880000,0.000000
18.901333,0.000000
18.922667,0.000000
18.944000,0.000000
18.965333,0.000000
18.986667,0.028566
19.008000,0.278037
19.029333,0.000000
19.050667,0.000000
19.072000,0.000000
19.093333,0.000000
19.114667,0.000000
19.136000,0.000000
19.157333,0.000000
19.178667,0.000000
19.200000,0.000000
19.221333,0.000000
19.242667,0.341108
19.264000,0.019841
19.285333,0.000000
19.306667,0.000000
19.328000,0.000000
19.349333,0.000000
19.370667,0.000000
19.392000,0.000000
19.413333,0.000000
19.434667,0.000000
19.456000,0.000000
19.477333,0.000034
19.498667,0.965069
19.520000,0.000335
19.541333,0.000000
19.562667,0.000000
19.584000,0.000000
19.605333,0.000000
19.626667,0.000000
19.648000,0.000000
19.669333,0.000000
19.690667,0.000000
19.712000,0.000000
19.733333,0.003866
19.754667,0.646905
19.776000,0.000000
19.797333,0.000000
19.818667,0.000000
19.840000,0.000000
19.861333,0.000000
19.882667,0.000000
19.904000,0.000000
19.925333,0.000000
19.946667,0.000000
19.968000,0.000000
19.989333,0.102740
20.010667,0.102740
20.032000,0.000000
20.053333,0.000000
20.074667,0.000000
20.096000,0.000000
20.117333,0.000000
20.138667,0.000000
20.160000,0.000000
20.181333,0.000000
20.202667,0.000000
20.224000,0.000001
20.245333,0.646905
20.266667,0.003866
20.288000,0.000000
20.309333,0.000000
20.330667,0.000000
20.352000,0.000000
20.373333,0.000000
20.394667,0.000000
20.416000,0.000000
20.437333,0.000000
20.458667,0.000000
20.480000,0.000335
20.501333,0.965069
20.522667,0.000000
20.544000,0.000000
20.565333,0.000000
20.586667,0.000000
20.608000,0.000000
20.629333,0.000000
20.650667,0.000000
20.672000,0.000000
20.693333,0.000000
20.714667,0.000000
20.736000,0.019841
20.757333,0.341108
20.778667,0.000000
20.800000,0.000000
20.821333,0.000000
20.842667,0.000000
20.864000,0.000000
20.885333,0.000000
20.906667,0.000000
20.928000,0.000000
20.949333,0.000000
20.970667,0.000000
20.992000,0.278037
21.013333,0.028566
21.034667,0.000000
21.056000,0.000000
21.077333,0.000000
21.098667,0.000000
21.120000,0.000000
21.141333,0.000000
21.162667,0.000000
21.184000,0.000000
21.205333,0.000000
21.226667,0.000019
21.248000,0.923116
21.269333,0.000567
21.290667,0.000000
21.312000,0.000000
21.333333,0.000000
21.354667,0.000000
21.376000,0.000000
21.397333,0.000000
21.418667,0.000000
21.440000,0.000000
21.461333,0.000000
21.482667,0.002457
21.504000,0.726149
21.525333,0.000000
21.546667,0.000000
21.568000,0.000000
21.589333,0.000000
21.610667,0.000000
21.632000,0.000000
21.653333,0.000000
21.674667,0.000000
21.696000,0.000000
21.717333,0.000000
21.738667,0.076621
21.760000,0.135335
21.781333,0.000000
21.802667,0.000000
21.824000,0.000000
21.845333,0.000000
21.866667,0.000000
21.888000,0.000000
21.909333,0.000000
21.930667,0.000000
21.952000,0.000000
21.973333,0.000001
21.994667,0.566154
22.016000,0.005976
22.037333,0.000000
22.058667,0.000000
22.080000,0.000000
22.101333,0.000000
22.122667,0.000000
22.144000,0.000000
22.165333,0.000000
22.186667,0.000000
22.208000,0.000000
22.229333,0.000195
22.250667,0.991151
22.272000,0.000000
22.293333,0.000000
22.314667,0.000000
22.336000,0.000000
22.357333,0.000000
22.378667,0.000000
22.400000,0.000000
22.421333,0.000000
22.442667,0.000000
22.464000,0.000000
22.485333,0.013538
22.506667,0.411112
22.528000,0.000000
22.549333,0.000000
22.570667,0.000000
22.592000,0.000000
22.613333,0.000000
22.634667,0.000000
22.656000,0.000000
22.677333,0.000000
22.698667,0.000000
22.720000,0.000000
22.741333,0.222635
22.762667,0.040401
22.784000,0.000000
22.805333,0.000000
22.826667,0.000000
22.848000,0.000000
22.869333,0.000000
22.890667,0.000000
22.912000,0.000000
22.933333,0.000000
22.954667,0.000000
22.976000,0.000010
22.997333,0.867428
23.018667,0.000941
23.040000,0.000000
23.061333,0.000000
23.082667,0.000000
23.104000,0.000000
23.125333,0.000000
23.146667,0.000000
23.168000,0.000000
23.189333,0.000000
23.210667,0.000000
23.232000,0.001534
23.253333,0.800737
23.274667,0.000000
23.296000,0.000000
23.317333,0.000000
23.338667,0.000000
23.360000,0.000000
23.381333,0.000000
23.402667,0.000000
23.424000,0.000000
23.445333,0.000000
23.466667,0.000000
23.488000,0.056135
23.509333,0.175131
23.530667,0.000000
23.552000,0.000000
23.573333,0.000000
23.594667,0.000000
23.616000,0.000000
23.637333,0.000000
23.658667,0.000000
23.680000,0.000000
23.701333,0.000000
23.722667,0.000000
23.744000,0.486752
23.765333,0.009075
23.786667,0.000000
23.808000,0.000000
23.829333,0.000000
23.850667,0.000000
23.872000,0.000000
23.893333,0.000000
23.914667,0.000000
23.936000,0.000000
23.957333,0.000000
23.978667,0.000111
24.000000,1.000000
24.021333,0.000111
24.042667,0.000000
24.064000,0.000000
24.085333,0.000000
24.106667,0.000000
24.128000,0.000000
24.149333,0.000000
24.170667,0.000000
24.192000,0.000000
24.213333,0.000000
24.234667,0.009075
24.256000,0.486752
24.277333,0.000000
24.298667,0.000000
24.320000,0.000000
24.341333,0.000000
24.362667,0.000000
24.384000,0.000000
24.405333,0.000000
24.426667,0.000000
24.448000,0.000000
24.469333,0.000000
24.490667,0.175131
24.512000,0.056135
24.533333,0.000000
24.554667,0.000000
24.576000,0.000000
24.597333,0.000000
24.618667,0.000000
24.640000,0.000000
24.661333,0.000000
24.682667,0.000000
24.704000,0.000000
24.725333,0.000005
24.746667,0.800737
24.768000,0.001534
24.789333,0.000000
24.810667,0.000000
24.832000,0.000000
24.853333,0.000000
24.874667,0.000000
24.896000,0.000000
24.917333,0.000000
24.938667,0.000000
24.960000,0.000000
24.981333,0.000941
25.002667,0.867428
25.024000,0.000000
25.045333,0.000000
25.066667,0.000000
25.088000,0.000000
25.109333,0.000000
25.130667,0.000000
25.152000,0.000000
25.173333,0.000000
25.194667,0.000000
25.216000,0.000000
25.237333,0.040401
25.258667,0.222635
25.280000,0.000000
25.301333,0.000000
25.322667,0.000000
25.344000,0.000000
25.365333,0.000000
25.386667,0.000000
25.408000,0.000000
25.429333,0.000000
25.450667,0.000000
25.472000,0.000000
25.493333,0.411112
25.514667,0.013538
25.536000,0.000000
25.557333,0.000000
25.578667,0.000000
25.600000,0.000000
25.621333,0.000000
25.642667,0.000000
25.664000,0.000000
25.685333,0.000000
25.706667,0.000000
25.728000,0.000063
25.749333,0.991151
25.770667,0.000195
25.792000,0.000000
25.813333,0.000000
25.834667,0.000000
25.856000,0.000000
25.877333,0.000000
25.898667,0.000000
25.920000,0.000000
25.941333,0.000000
25.962667,0.000000
25.984000,0.005976
26.005333,0.566154
26.026667,0.000000
26.048000,0.000000
26.069333,0.000000
26.090667,0.000000
26.112000,0.000000
26.133333,0.000000
26.154667,0.000000
26.176000,0.000000
26.197333,0.000000
26.218667,0.000000
26.240000,0.135335
26.261333,0.076621
26.282667,0.000000
26.304000,0.000000
26.325333,0.000000
26.346667,0.000000
26.368000,0.000000
26.389333,0.000000
26.410667,0.000000
26.432000,0.000000
26.453333,0.000000
26.474667,0.000003
26.496000,0.726149
26.517333,0.002457
26.538667,0.000000
26.560000,0.000000
26.581333,0.000000
26.602667,0.000000
26.624000,0.000000
26.645333,0.000000
26.666667,0.000000
26.688000,0.000000
26.709333,0.000000
26.730667,0.000567
26.752000,0.923116
26.773333,0.000000
26.794667,0.000000
26.816000,0.000000
26.837333,0.000000
26.858667,0.000000
26.880000,0.000000
26.901333,0.000000
26.922667,0.000000
26.944000,0.000000
26.965333,0.000000
26.986667,0.028566
27.008000,0.278037
27.029333,0.000000
27.050667,0.000000
27.072000,0.000000
27.093333,0.000000
27.114667,0.000000
27.136000,0.000000
27.157333,0.000000
27.178667,0.000000
27.200000,0.000000
27.221333,0.000000
27.242667,0.341108
27.264000,0.019841
27.285333,0.000000
27.306667,0.000000
27.328000,0.000000
27.349333,0.000000
27.370667,0.000000
27.392000,0.000000
27.413333,0.000000
27.434667,0.000000
27.456000,0.000000
27.477333,0.000034
27.498667,0.965069
27.520000,0.000335
27.541333,0.000000
27.562667,0.000000
27.584000,0.000000
27.605333,0.000000
27.626667,0.000000
27.648000,0.000000
27.669333,0.000000
27.690667,0.000000
27.712000,0.000000
27.733333,0.003866
27.754667,0.646905
27.776000,0.000000
27.797333,0.000000
27.818667,0.000000
27.840000,0.000000
27.861333,0.000000
27.882667,0.000000
27.904000,0.000000
27.925333,0.000000
27.946667,0.000000
27.968000,0.000000
27.989333,0.102740
28.010667,0.102740
28.032000,0.000000
28.053333,0.000000
28.074667,0.000000
28.096000,0.000000
28.117333,0.000000
28.138667,0.000000
28.160000,0.000000
28.181333,0.000000
28.202667,0.000000
28.224000,0.000001
28.245333,0.646905
28.266667,0.003866
28.288000,0.000000
28.309333,0.000000
28.330667,0.000000
28.352000,0.000000
28.373333,0.000000
28.394667,0.000000
28.416000,0.000000
28.437333,0.000000
28.458667,0.000000
28.480000,0.000335
28.501333,0.965069
28.522667,0.000000
28.544000,0.000000
28.565333,0.000000
28.586667,0.000000
28.608000,0.000000
28.629333,0.000000
28.650667,0.000000
28.672000,0.000000
28.693333,0.000000
28.714667,0.000000
28.736000,0.019841
28.757333,0.341108
28.778667,0.000000
28.800000,0.000000
28.821333,0.000000
28.842667,0.000000
28.864000,0.000000
28.885333,0.000000
28.906667,0.000000
28.928000,0.000000
28.949333,0.000000
28.970667,0.000000
28.992000,0.278037
29.013333,0.028566
29.034667,0.000000
29.056000,0.000000
29.077333,0.000000
29.098667,0.000000
29.120000,0.000000
29.141333,0.000000
29.162667,0.000000
29.184000,0.000000
29.205333,0.000000
29.226667,0.000019
29.248000,0.923116
29.269333,0.000567
29.290667,0.000000
29.312000,0.000000
29.333333,0.000000
29.354667,0.000000
29.376000,0.000000
29.397333,0.000000
29.418667,0.000000
29.440000,0.000000
29.461333,0.000000
29.482667,0.002457
29.504000,0.726149
29.525333,0.000000
29.546667,0.000000
29.568000,0.000000
29.589333,0.000000
29.610667,0.000000
29.632000,0.000000
29.653333,0.000000
29.674667,0.000000
29.696000,0.000000
29.717333,0.000000
29.738667,0.076621
29.760000,0.135335
29.781333,0.000000
29.802667,0.000000
29.824000,0.000000
29.845333,0.000000
29.866667,0.000000
29.888000,0.000000
29.909333,0.000000
29.930667,0.000000
29.952000,0.000000
29.973333,0.000001
29.994667,0.566154
30.016000,0.005976
30.037333,0.000000
30.058667,0.000000
30.080000,0.000000
30.101333,0.000000
30.122667,0.000000
30.144000,0.000000
30.165333,0.000000
30.186667,0.000000
30.208000,0.000000
30.229333,0.000195
30.250667,0.991151
30.272000,0.000000
30.293333,0.000000
30.314667,0.000000
30.336000,0.000000
30.357333,0.000000
30.378667,0.000000
30.400000,0.000000
30.421333,0.000000
30.442667,0.000000
30.464000,0.000000
30.485333,0.013538
30.506667,0.411112
30.528000,0.000000
30.549333,0.000000
30.570667,0.000000
30.592000,0.000000
30.613333,0.000000
30.634667,0.000000
30.656000,0.000000
30.677333,0.000000
30.698667,0.000000
30.720000,0.000000
30.741333,0.222635
30.762667,0.040401
30.784000,0.000000
30.805333,0.000000
30.826667,0.000000
30.848000,0.000000
30.869333,0.000000
30.890667,0.000000
30.912000,0.000000
30.933333,0.000000
30.954667,0.000000
30.976000,0.000010
30.997333,0.867428
31.018667,0.000941
31.040000,0.000000
31.061333,0.000000
31.082667,0.000000
31.104000,0.000000
31.125333,0.000000
31.146667,0.000000
31.168000,0.000000
31.189333,0.000000
31.210667,0.000000
31.232000,0.001534
31.253333,0.800737
31.274667,0.000000
31.296000,0.000000
31.317333,0.000000
31.338667,0.000000
31.360000,0.000000
31.381333,0.000000
31.402667,0.000000
31.424000,0.000000
31.445333,0.000000
31.466667,0.000000
31.488000,0.056135
31.509333,0.175131
31.530667,0.000000
31.552000,0.000000
31.573333,0.000000
31.594667,0.000000
31.616000,0.000000
31.637333,0.000000
31.658667,0.000000
31.680000,0.000000
31.701333,0.000000
31.722667,0.000000
31.744000,0.486752
31.765333,0.009075
31.786667,0.000000
31.808000,0.000000
31.829333,0.000000
31.850667,0.000000
31.872000,0.000000
31.893333,0.000000
31.914667,0.000000
31.936000,0.000000
31.957333,0.000000
31.978667,0.000111
32.000000,1.000000
32.021333,0.000111
32.042667,0.000000
32.064000,0.000000
32.085333,0.000000
32.106667,0.000000
32.128000,0.000000
32.149333,0.000000
32.170667,0.000000
32.192000,0.000000
32.213333,0.000000
32.234667,0.009075
32.256000,0.486752
32.277333,0.000000
32.298667,0.000000
32.320000,0.000000
32.341333,0.000000
32.362667,0.000000
32.384000,0.000000
32.405333,0.000000
32.426667,0.000000
32.448000,0.000000
32.469333,0.000000
32.490667,0.175131
32.512000,0.056135
32.533333,0.000000
32.554667,0.000000
32.576000,0.000000
32.597333,0.000000
32.618667,0.000000
32.640000,0.000000
32.661333,0.000000
32.682667,0.000000
32.704000,0.000000
32.725333,0.000005
32.746667,0.800737
32.768000,0.001534
32.789333,0.000000
32.810667,0.000000
32.832000,0.000000
32.853333,0.000000
32.874667,0.000000
32.896000,0.000000
32.917333,0.000000
32.938667,0.000000
32.960000,0.000000
32.981333,0.000941
33.002667,0.867428
33.024000,0.000000
33.045333,0.000000
33.066667,0.000000
33.088000,0.000000
33.109333,0.000000
33.130667,0.000000
33.152000,0.000000
33.173333,0.000000
33.194667,0.000000
33.216000,0.000000
33.237333,0.040401
33.258667,0.222635
33.280000,0.000000
33.301333,0.000000
33.322667,0.000000
33.344000,0.000000
33.365333,0.000000
33.386667,0.000000
33.408000,0.000000
33.429333,0.000000
33.450667,0.000000
33.472000,0.000000
33.493333,0.411112
33.514667,0.013538
33.536000,0.000000
33.557333,0.000000
33.578667,0.000000
33.600000,0.000000
33.621333,0.000000
33.642667,0.000000
33.664000,0.000000
33.685333,0.000000
33.706667,0.000000
33.728000,0.000063
33.749333,0.991151
33.770667,0.000195
33.792000,0.000000
33.813333,0.000000
33.834667,0.000000
33.856000,0.000000
33.877333,0.000000
33.898667,0.000000
33.920000,0.000000
33.941333,0.000000
33.962667,0.000000
33.984000,0.005976
34.005333,0.566154
34.026667,0.000000
34.048000,0.000000
34.069333,0.000000
34.090667,0.000000
34.112000,0.000000
34.133333,0.000000
34.154667,0.000000
34.176000,0.000000
34.197333,0.000000
34.218667,0.000000
34.240000,0.135335
34.261333,0.076621
34.282667,0.000000
34.304000,0.000000
34.325333,0.000000
34.346667,0.000000
34.368000,0.000000
34.389333,0.000000
34.410667,0.000000
34.432000,0.000000
34.453333,0.000000
34.474667,0.000003
34.496000,0.726149
34.517333,0.002457
34.538667,0.000000
34.560000,0.000000
34.581333,0.000000
34.602667,0.000000
34.624000,0.000000
34.645333,0.000000
34.666667,0.000000
34.688000,0.000000
34.709333,0.000000
34.730667,0.000567
34.752000,0.923116
34.773333,0.000000
34.794667,0.000000
34.816000,0.000000
34.837333,0.000000
34.858667,0.000000
34.880000,0.000000
34.901333,0.000000
34.922667,0.000000
34.944000,0.000000
34.965333,0.000000
34.986667,0.028566
35.008000,0.278037
35.029333,0.000000
35.050667,0.000000
35.072000,0.000000
35.093333,0.000000
35.114667,0.000000
35.136000,0.000000
35.157333,0.000000
35.178667,0.000000
35.200000,0.000000
35.221333,0.000000
35.242667,0.341108
35.264000,0.019841
35.285333,0.000000
35.306667,0.000000
35.328000,0.000000
35.349333,0.000000
35.370667,0.000000
35.392000,0.000000
35.413333,0.000000
35.434667,0.000000
35.456000,0.000000
35.477333,0.000034
35.498667,0.965069
35.520000,0.000335
35.541333,0.000000
35.562667,0.000000
35.584000,0.000000
35.605333,0.000000
35.626667,0.000000
35.648000,0.000000
35.669333,0.000000
35.690667,0.000000
35.712000,0.000000
35.733333,0.003866
35.754667,0.646905
35.776000,0.000000
35.797333,0.000000
35.818667,0.000000
35.840000,0.000000
35.861333,0.000000
35.882667,0.000000
35.904000,0.000000
35.925333,0.000000
35.946667,0.000000
35.968000,0.000000
35.989333,0.102740
36.010667,0.102740
36.032000,0.000000
36.053333,0.000000
36.074667,0.000000
36.096000,0.000000
36.117333,0.000000
36.138667,0.000000
36.160000,0.000000
36.181333,0.000000
36.202667,0.000000
36.224000,0.000001
36.245333,0.646905
36.266667,0.003866
36.288000,0.000000
36.309333,0.000000
36.330667,0.000000
36.352000,0.000000
36.373333,0.000000
36.394667,0.000000
36.416000,0.000000
36.437333,0.000000
36.458667,0.000000
36.480000,0.000335
36.501333,0.965069
36.522667,0.000000
36.544000,0.000000
36.565333,0.000000
36.586667,0.000000
36.608000,0.000000
36.629333,0.000000
36.650667,0.000000
36.672000,0.000000
36.693333,0.000000
36.714667,0.000000
36.736000,0.019841
36.757333,0.341108
36.778667,0.000000
36.800000,0.000000
36.821333,0.000000
36.842667,0.000000
36.864000,0.000000
36.885333,0.000000
36.906667,0.000000
36.928000,0.000000
36.949333,0.000000
36.970667,0.000000
36.992000,0.278037
37.013333,0.028566
37.034667,0.000000
37.056000,0.000000
37.077333,0.000000
37.098667,0.000000
37.120000,0.000000
37.141333,0.000000
37.162667,0.000000
37.184000,0.000000
37.205333,0.000000
37.226667,0.000019
37.248000,0.923116
37.269333,0.000567
37.290667,0.000000
37.312000,0.000000
37.333333,0.000000
37.354667,0.000000
37.376000,0.000000
37.397333,0.000000
37.418667,0.000000
37.440000,0.000000
37.461333,0.000000
37.482667,0.002457
37.504000,0.726149
37.525333,0.000000
37.546667,0.000000
37.568000,0.000000
37.589333,0.000000
37.610667,0.000000
37.632000,0.000000
37.653333,0.000000
37.674667,0.000000
37.696000,0.000000
37.717333,0.000000
37.738667,0.076621
37.760000,0.135335
37.781333,0.000000
37.802667,0.000000
37.824000,0.000000
37.845333,0.000000
37.866667,0.000000
37.888000,0.000000
37.909333,0.000000
37.930667,0.000000
37.952000,0.000000
37.973333,0.000001
37.994667,0.566154
38.016000,0.005976
38.037333,0.000000
38.058667,0.000000
38.080000,0.000000
38.101333,0.000000
38.122667,0.000000
38.144000,0.000000
38.165333,0.000000
38.186667,0.000000
38.208000,0.000000
38.229333,0.000195
38.250667,0.991151
38.272000,0.000000
38.293333,0.000000
38.314667,0.000000
38.336000,0.000000
38.357333,0.000000
38.378667,0.000000
38.400000,0.000000
38.421333,0.000000
38.442667,0.000000
38.464000,0.000000
38.485333,0.013538
38.506667,0.411112
38.528000,0.000000
38.549333,0.000000
38.570667,0.000000
38.592000,0.000000
38.613333,0.000000
38.634667,0.000000
38.656000,0.000000
38.677333,0.000000
38.698667,0.000000
38.720000,0.000000
38.741333,0.222635
38.762667,0.040401
38.784000,0.000000
38.805333,0.000000
38.826667,0.000000
38.848000,0.000000
38.869333,0.000000
38.890667,0.000000
38.912000,0.000000
38.933333,0.000000
38.954667,0.000000
38.976000,0.000010
38.997333,0.867428
39.018667,0.000941
39.040000,0.000000
39.061333,0.000000
39.082667,0.000000
39.104000,0.000000
39.125333,0.000000
39.146667,0.000000
39.168000,0.000000
39.189333,0.000000
39.210667,0.000000
39.232000,0.001534
39.253333,0.800737
39.274667,0.000000
39.296000,0.000000
39.317333,0.000000
39.338667,0.000000
39.360000,0.000000
39.381333,0.000000
39.402667,0.000000
39.424000,0.000000
39.445333,0.000000
39.466667,0.000000
39.488000,0.056135
39.509333,0.175131
39.530667,0.000000
39.552000,0.000000
39.573333,0.000000
39.594667,0.000000
39.616000,0.000000
39.637333,0.000000
39.658667,0.000000
39.680000,0.000000
39.701333,0.000000
39.722667,0.000000
39.744000,0.486752
39.765333,0.009075
39.786667,0.000000
39.808000,0.000000
39.829333,0.000000
39.850667,0.000000
39.872000,0.000000
39.893333,0.000000
39.914667,0.000000
39.936000,0.000000
39.957333,0.000000
39.978667,0.000111
40.000000,1.000000
40.021333,0.000111
40.042667,0.000000
40.064000,0.000000
40.085333,0.000000
40.106667,0.000000
40.128000,0.000000
40.149333,0.000000
40.170667,0.000000
40.192000,0.000000
40.213333,0.000000
40.234667,0.009075
40.256000,0.486752
40.277333,0.000000
40.298667,0.000000
40.320000,0.000000
40.341333,0.000000
40.362667,0.000000
40.384000,0.000000
40.405333,0.000000
40.426667,0.000000
40.448000,0.000000
40.469333,0.000000
40.490667,0.175131
40.512000,0.056135
40.533333,0.000000
40.554667,0.000000
40.576000,0.000000
40.597333,0.000000
40.618667,0.000000
40.640000,0.000000
40.661333,0.000000
40.682667,0.000000
40.704000,0.000000
40.725333,0.000005
40.746667,0.800737
40.768000,0.001534
40.789333,0.000000
40.810667,0.000000
40.832000,0.000000
40.853333,0.000000
40.874667,0.000000
40.896000,0.000000
40.917333,0.000000
40.938667,0.000000
40.960000,0.000000
40.981333,0.000941
41.002667,0.867428
41.024000,0.000000
41.045333,0.000000
41.066667,0.000000
41.088000,0.000000
41.109333,0.000000
41.130667,0.000000
41.152000,0.000000
41.173333,0.000000
41.194667,0.000000
41.216000,0.000000
41.237333,0.040401
41.258667,0.222635
41.280000,0.000000
41.301333,0.000000
41.322667,0.000000
41.344000,0.000000
41.365333,0.000000
41.386667,0.000000
41.408000,0.000000
41.429333,0.000000
41.450667,0.000000
41.472000,0.000000
41.493333,0.411112
41.514667,0.013538
41.536000,0.000000
41.557333,0.000000
41.578667,0.000000
41.600000,0.000000
41.621333,0.000000
41.642667,0.000000
41.664000,0.000000
41.685333,0.000000
41.706667,0.000000
41.728000,0.000063
41.749333,0.991151
41.770667,0.000195
41.792000,0.000000
41.813333,0.000000
41.834667,0.000000
41.856000,0.000000
41.877333,0.000000
41.898667,0.000000
41.920000,0.000000
41.941333,0.000000
41.962667,0.000000
41.984000,0.005976
42.005333,0.566154
42.026667,0.000000
42.048000,0.000000
42.069333,0.000000
42.090667,0.000000
42.112000,0.000000
42.133333,0.000000
42.154667,0.000000
42.176000,0.000000
42.197333,0.000000
42.218667,0.000000
42.240000,0.135335
42.261333,0.076621
42.282667,0.000000
42.304000,0.000000
42.325333,0.000000
42.346667,0.000000
42.368000,0.000000
42.389333,0.000000
42.410667,0.000000
42.432000,0.000000
42.453333,0.000000
42.474667,0.000003
42.496000,0.726149
42.517333,0.002457
42.538667,0.000000
42.560000,0.000000
42.581333,0.000000
42.602667,0.000000
42.624000,0.000000
42.645333,0.000000
42.666667,0.000000
42.688000,0.000000
42.709333,0.000000
42.730667,0.000567
42.752000,0.923116
42.773333,0.000000
42.794667,0.000000
42.816000,0.000000
42.837333,0.000000
42.858667,0.000000
42.880000,0.000000
42.901333,0.000000
42.922667,0.000000
42.944000,0.000000
42.965333,0.000000
42.986667,0.028566
43.008000,0.278037
43.029333,0.000000
43.050667,0.000000
43.072000,0.000000
43.093333,0.000000
43.114667,0.000000
43.136000,0.000000
43.157333,0.000000
43.178667,0.000000
43.200000,0.000000
43.221333,0.000000
43.242667,0.341108
43.264000,0.019841
43.285333,0.000000
43.306667,0.000000
43.328000,0.000000
43.349333,0.000000
43.370667,0.000000
43.392000,0.000000
43.413333,0.000000
43.434667,0.000000
43.456000,0.000000
43.477333,0.000034
43.498667,0.965069
43.520000,0.000335
43.541333,0.000000
43.562667,0.000000
43.584000,0.000000
43.605333,0.000000
43.626667,0.000000
43.648000,0.000000
43.669333,0.000000
43.690667,0.000000
43.712000,0.000000
43.733333,0.003866
43.754667,0.646905
43.776000,0.000000
43.797333,0.000000
43.818667,0.000000
43.840000,0.000000
43.861333,0.000000
43.882667,0.000000
43.904000,0.000000
43.925333,0.000000
43.946667,0.000000
43.968000,0.000000
43.989333,0.102740
44.010667,0.102740
44.032000,0.000000
44.053333,0.000000
44.074667,0.000000
44.096000,0.000000
44.117333,0.000000
44.138667,0.000000
44.160000,0.000000
44.181333,0.000000
44.202667,0.000000
44.224000,0.000001
44.245333,0.646905
44.266667,0.003866
44.288000,0.000000
44.309333,0.000000
44.330667,0.000000
44.352000,0.000000
44.373333,0.000000
44.394667,0.000000
44.416000,0.000000
44.437333,0.000000
44.458667,0.000000
44.480000,0.000335
44.501333,0.965069
44.522667,0.000000
44.544000,0.000000
44.565333,0.000000
44.586667,0.000000
44.608000,0.000000
44.629333,0.000000
44.650667,0.000000
44.672000,0.000000
44.693333,0.000000
44.714667,0.000000
44.736000,0.019841
44.757333,0.341108
44.778667,0.000000
44.800000,0.000000
44.821333,0.000000
44.842667,0.000000
44.864000,0.000000
44.885333,0.000000
44.906667,0.000000
44.928000,0.000000
44.949333,0.000000
44.970667,0.000000
44.992000,0.278037
45.013333,0.028566
45.034667,0.000000
45.056000,0.000000
45.077333,0.000000
45.098667,0.000000
45.120000,0.000000
45.141333,0.000000
45.162667,0.000000
45.184000,0.000000
45.205333,0.000000
45.226667,0.000019
45.248000,0.923116
45.269333,0.000567
45.290667,0.000000
45.312000,0.000000
45.333333,0.000000
45.354667,0.000000
45.376000,0.000000
45.397333,0.000000
45.418667,0.000000
45.440000,0.000000
45.461333,0.000000
45.482667,0.002457
45.504000,0.726149
45.525333,0.000000
45.546667,0.000000
45.568000,0.000000
45.589333,0.000000
45.610667,0.000000
45.632000,0.000000
45.653333,0.000000
45.674667,0.000000
45.696000,0.000000
45.717333,0.000000
45.738667,0.076621
45.760000,0.135335
45.781333,0.000000
45.802667,0.000000
45.824000,0.000000
45.845333,0.000000
45.866667,0.000000
45.888000,0.000000
45.909333,0.000000
45.930667,0.000000
45.952000,0.000000
45.973333,0.000001
45.994667,0.566154
46.016000,0.005976
46.037333,0.000000
46.058667,0.000000
46.080000,0.000000
46.101333,0.000000
46.122667,0.000000
46.144000,0.000000
46.165333,0.000000
46.186667,0.000000
46.208000,0.000000
46.229333,0.000195
46.250667,0.991151
46.272000,0.000000
46.293333,0.000000
46.314667,0.000000
46.336000,0.000000
46.357333,0.000000
46.378667,0.000000
46.400000,0.000000
46.421333,0.000000
46.442667,0.000000
46.464000,0.000000
46.485333,0.013538
46.506667,0.411112
46.528000,0.000000
46.549333,0.000000
46.570667,0.000000
46.592000,0.000000
46.613333,0.000000
46.634667,0.000000
46.656000,0.000000
46.677333,0.000000
46.698667,0.000000
46.720000,0.000000
46.741333,0.222635
46.762667,0.040401
46.784000,0.000000
46.805333,0.000000
46.826667,0.000000
46.848000,0.000000
46.869333,0.000000
46.890667,0.000000
46.912000,0.000000
46.933333,0.000000
46.954667,0.000000
46.976000,0.000010
46.997333,0.867428
47.018667,0.000941
47.040000,0.000000
47.061333,0.000000
47.082667,0.000000
47.104000,0.000000
47.125333,0.000000
47.146667,0.000000
47.168000,0.000000
47.189333,0.000000
47.210667,0.000000
47.232000,0.001534
47.253333,0.800737
47.274667,0.000000
47.296000,0.000000
47.317333,0.000000
47.338667,0.000000
47.360000,0.000000
47.381333,0.000000
47.402667,0.000000
47.424000,0.000000
47.445333,0.000000
47.466667,0.000000
47.488000,0.056135
47.509333,0.175131
47.530667,0.000000
47.552000,0.000000
47.573333,0.000000
47.594667,0.000000
47.616000,0.000000
47.637333,0.000000
47.658667,0.000000
47.680000,0.000000
47.701333,0.000000
47.722667,0.000000
47.744000,0.486752
47.765333,0.009075
47.786667,0.000000
47.808000,0.000000
47.829333,0.000000
47.850667,0.000000
47.872000,0.000000
47.893333,0.000000
47.914667,0.000000
47.936000,0.000000
47.957333,0.000000
47.978667,0.000111
48.000000,1.000000
48.021333,0.000111
48.042667,0.000000
48.064000,0.000000
48.085333,0.000000
48.106667,0.000000
48.128000,0.000000
48.149333,0.000000
48.170667,0.000000
48.192000,0.000000
48.213333,0.000000
48.234667,0.009075
48.256000,0.486752
48.277333,0.000000
48.298667,0.000000
48.320000,0.000000
48.341333,0.000000
48.362667,0.000000
48.384000,0.000000
48.405333,0.000000
48.426667,0.000000
48.448000,0.000000
48.469333,0.000000
48.490667,0.175131
48.512000,0.056135
48.533333,0.000000
48.554667,0.000000
48.576000,0.000000
48.597333,0.000000
48.618667,0.000000
48.640000,0.000000
48.661333,0.000000
48.682667,0.000000
48.704000,0.000000
48.725333,0.000005
48.746667,0.800737
48.768000,0.001534
48.789333,0.000000
48.810667,0.000000
48.832000,0.000000
48.853333,0.000000
48.874667,0.000000
48.896000,0.000000
48.917333,0.000000
48.938667,0.000000
48.960000,0.000000
48.981333,0.000941
49.002667,0.867428
49.024000,0.000000
49.045333,0.000000
49.066667,0.000000
49.088000,0.000000
49.109333,0.000000
49.130667,0.000000
49.152000,0.000000
49.173333,0.000000
49.194667,0.000000
49.216000,0.000000
49.237333,0.040401
49.258667,0.222635
49.280000,0.000000
49.301333,0.000000
49.322667,0.000000
49.344000,0.000000
49.365333,0.000000
49.386667,0.000000
49.408000,0.000000
49.429333,0.000000
49.450667,0.000000
49.472000,0.000000
49.493333,0.411112
49.514667,0.013538
49.536000,0.000000
49.557333,0.000000
49.578667,0.000000
49.600000,0.000000
49.621333,0.000000
49.642667,0.000000
49.664000,0.000000
49.685333,0.000000
49.706667,0.000000
49.728000,0.000063
49.749333,0.991151
49.770667,0.000195
49.792000,0.000000
49.813333,0.000000
49.834667,0.000000
49.856000,0.000000
49.877333,0.000000
49.898667,0.000000
49.920000,0.000000
49.941333,0.000000
49.962667,0.000000
49.984000,0.005976
50.005333,0.566154
50.026667,0.000000
50.048000,0.000000
50.069333,0.000000
50.090667,0.000000
50.112000,0.000000
50.133333,0.000000
50.154667,0.000000
50.176000,0.000000
50.197333,0.000000
50.218667,0.000000
50.240000,0.135335
50.261333,0.076621
50.282667,0.000000
50.304000,0.000000
50.325333,0.000000
50.346667,0.000000
50.368000,0.000000
50.389333,0.000000
50.410667,0.000000
50.432000,0.000000
50.453333,0.000000
50.474667,0.000003
50.496000,0.726149
50.517333,0.002457
50.538667,0.000000
50.560000,0.000000
50.581333,0.000000
50.602667,0.000000
50.624000,0.000000
50.645333,0.000000
50.666667,0.000000
50.688000,0.000000
50.709333,0.000000
50.730667,0.000567
50.752000,0.923116
50.773333,0.000000
50.794667,0.000000
50.816000,0.000000
50.837333,0.000000
50.858667,0.000000
50.880000,0.000000
50.901333,0.000000
50.922667,0.000000
50.944000,0.000000
50.965333,0.000000
50.986667,0.028566
51.008000,0.278037
51.029333,0.000000
51.050667,0.000000
51.072000,0.000000
51.093333,0.000000
51.114667,0.000000
51.136000,0.000000
51.157333,0.000000
51.178667,0.000000
51.200000,0.000000
51.221333,0.000000
51.242667,0.341108
51.264000,0.019841
51.285333,0.000000
51.306667,0.000000
51.328000,0.000000
51.349333,0.000000
51.370667,0.000000
51.392000,0.000000
51.413333,0.000000
51.434667,0.000000
51.456000,0.000000
51.477333,0.000034
51.498667,0.965069
51.520000,0.000335
51.541333,0.000000
51.562667,0.000000
51.584000,0.000000
51.605333,0.000000
51.626667,0.000000
51.648000,0.000000
51.669333,0.000000
51.690667,0.000000
51.712000,0.000000
51.733333,0.003866
51.754667,0.646905
51.776000,0.000000
51.797333,0.000000
51.818667,0.000000
51.840000,0.000000
51.861333,0.000000
51.882667,0.000000
51.904000,0.000000
51.925333,0.000000
51.946667,0.000000
51.968000,0.000000
51.989333,0.102740
52.010667,0.102740
52.032000,0.000000
52.053333,0.000000
52.074667,0.000000
52.096000,0.000000
52.117333,0.000000
52.138667,0.000000
52.160000,0.000000
52.181333,0.000000
52.202667,0.000000
52.224000,0.000001
52.245333,0.646905
52.266667,0.003866
52.288000,0.000000
52.309333,0.000000
52.330667,0.000000
52.352000,0.000000
52.373333,0.000000
52.394667,0.000000
52.416000,0.000000
52.437333,0.000000
52.458667,0.000000
52.480000,0.000335
52.501333,0.965069
52.522667,0.000000
52.544000,0.000000
52.565333,0.000000
52.586667,0.000000
52.608000,0.000000
52.629333,0.000000
52.650667,0.000000
52.672000,0.000000
52.693333,0.000000
52.714667,0.000000
52.736000,0.019841
52.757333,0.341108
52.778667,0.000000
52.800000,0.000000
52.821333,0.000000
52.842667,0.000000
52.864000,0.000000
52.885333,0.000000
52.906667,0.000000
52.928000,0.000000
52.949333,0.000000
52.970667,0.000000
52.992000,0.278037
53.013333,0.028566
53.034667,0.000000
53.056000,0.000000
53.077333,0.000000
53.098667,0.000000
53.120000,0.000000
53.141333,0.000000
53.162667,0.000000
53.184000,0.000000
53.205333,0.000000
53.226667,0.000019
53.248000,0.923116
53.269333,0.000567
53.290667,0.000000
53.312000,0.000000
53.333333,0.000000
53.354667,0.000000
53.376000,0.000000
53.397333,0.000000
53.418667,0.000000
53.440000,0.000000
53.461333,0.000000
53.482667,0.002457
53.504000,0.726149
53.525333,0.000000
53.546667,0.000000
53.568000,0.000000
53.589333,0.000000
53.610667,0.000000
53.632000,0.000000
53.653333,0.000000
53.674667,0.000000
53.696000,0.000000
53.717333,0.000000
53.738667,0.076621
53.760000,0.135335
53.781333,0.000000
53.802667,0.000000
53.824000,0.000000
53.845333,0.000000
53.866667,0.000000
53.888000,0.000000
53.909333,0.000000
53.930667,0.000000
53.952000,0.000000
53.973333,0.000001
53.994667,0.566154
54.016000,0.005976
54.037333,0.000000
54.058667,0.000000
54.080000,0.000000
54.101333,0.000000
54.122667,0.000000
54.144000,0.000000
54.165333,0.000000
54.186667,0.000000
54.208000,0.000000
54.229333,0.000195
54.250667,0.991151
54.272000,0.000000
54.293333,0.000000
54.314667,0.000000
54.336000,0.000000
54.357333,0.000000
54.378667,0.000000
54.400000,0.000000
54.421333,0.000000
54.442667,0.000000
54.464000,0.000000
54.485333,0.013538
54.506667,0.411112
54.528000,0.000000
54.549333,0.000000
54.570667,0.000000
54.592000,0.000000
54.613333,0.000000
54.634667,0.000000
54.656000,0.000000
54.677333,0.000000
54.698667,0.000000
54.720000,0.000000
54.741333,0.222635
54.762667,0.040401
54.784000,0.000000
54.805333,0.000000
54.826667,0.000000
54.848000,0.000000
54.869333,0.000000
54.890667,0.000000
54.912000,0.000000
54.933333,0.000000
54.954667,0.000000
54.976000,0.000010
54.997333,0.867428
55.018667,0.000941
55.040000,0.000000
55.061333,0.000000
55.082667,0.000000
55.104000,0.000000
55.125333,0.000000
55.146667,0.000000
55.168000,0.000000
55.189333,0.000000
55.210667,0.000000
55.232000,0.001534
55.253333,0.800737
55.274667,0.000000
55.296000,0.000000
55.317333,0.000000
55.338667,0.000000
55.360000,0.000000
55.381333,0.000000
55.402667,0.000000
55.424000,0.000000
55.445333,0.000000
55.466667,0.000000
55.488000,0.056135
55.509333,0.175131
55.530667,0.000000
55.552000,0.000000
55.573333,0.000000
55.594667,0.000000
55.616000,0.000000
55.637333,0.000000
55.658667,0.000000
55.680000,0.000000
55.701333,0.000000
55.722667,0.000000
55.744000,0.486752
55.765333,0.009075
55.786667,0.000000
55.808000,0.000000
55.829333,0.000000
55.850667,0.000000
55.872000,0.000000
55.893333,0.000000
55.914667,0.000000
55.936000,0.000000
55.957333,0.000000
55.978667,0.000111
56.000000,1.000000
56.021333,0.000111
56.042667,0.000000
56.064000,0.000000
56.085333,0.000000
56.106667,0.000000
56.128000,0.000000
56.149333,0.000000
56.170667,0.000000
56.192000,0.000000
56.213333,0.000000
56.234667,0.009075
56.256000,0.486752
56.277333,0.000000
56.298667,0.000000
56.320000,0.000000
56.341333,0.000000
56.362667,0.000000
56.384000,0.000000
56.405333,0.000000
56.426667,0.000000
56.448000,0.000000
56.469333,0.000000
56.490667,0.175131
56.512000,0.056135
56.533333,0.000000
56.554667,0.000000
56.576000,0.000000
56.597333,0.000000
56.618667,0.000000
56.640000,0.000000
56.661333,0.000000
56.682667,0.000000
56.704000,0.000000
56.725333,0.000005
56.746667,0.800737
56.768000,0.001534
56.789333,0.000000
56.810667,0.000000
56.832000,0.000000
56.853333,0.000000
56.874667,0.000000
56.896000,0.000000
56.917333,0.000000
56.938667,0.000000
56.960000,0.000000
56.981333,0.000941
57.002667,0.867428
57.024000,0.000000
57.045333,0.000000
57.066667,0.000000
57.088000,0.000000
57.109333,0.000000
57.130667,0.000000
57.152000,0.000000
57.173333,0.000000
57.194667,0.000000
57.216000,0.000000
57.237333,0.040401
57.258667,0.222635
57.280000,0.000000
57.301333,0.000000
57.322667,0.000000
57.344000,0.000000
57.365333,0.000000
57.386667,0.000000
57.408000,0.000000
57.429333,0.000000
57.450667,0.000000
57.472000,0.000000
57.493333,0.411112
57.514667,0.013538
57.536000,0.000000
57.557333,0.000000
57.578667,0.000000
57.600000,0.000000
57.621333,0.000000
57.642667,0.000000
57.664000,0.000000
57.685333,0.000000
57.706667,0.000000
57.728000,0.000063
57.749333,0.991151
57.770667,0.000195
57.792000,0.000000
57.813333,0.000000
57.834667,0.000000
57.856000,0.000000
57.877333,0.000000
57.898667,0.000000
57.920000,0.000000
57.941333,0.000000
57.962667,0.000000
57.984000,0.005976
58.005333,0.566154
58.026667,0.000000
58.048000,0.000000
58.069333,0.000000
58.090667,0.000000
58.112000,0.000000
58.133333,0.000000
58.154667,0.000000
58.176000,0.000000
58.197333,0.000000
58.218667,0.000000
58.240000,0.135335
58.261333,0.076621
58.282667,0.000000
58.304000,0.000000
58.325333,0.000000
58.346667,0.000000
58.368000,0.000000
58.389333,0.000000
58.410667,0.000000
58.432000,0.000000
58.453333,0.000000
58.474667,0.000003
58.496000,0.726149
58.517333,0.002457
58.538667,0.000000
58.560000,0.000000
58.581333,0.000000
58.602667,0.000000
58.624000,0.000000
58.645333,0.000000
58.666667,0.000000
58.688000,0.000000
58.709333,0.000000
58.730667,0.000567
58.752000,0.923116
58.773333,0.000000
58.794667,0.000000
58.816000,0.000000
58.837333,0.000000
58.858667,0.000000
58.880000,0.000000
58.901333,0.000000
58.922667,0.000000
58.944000,0.000000
58.965333,0.000000
58.986667,0.028566
59.008000,0.278037
59.029333,0.000000
59.050667,0.000000
59.072000,0.000000
59.093333,0.000000
59.114667,0.000000
59.136000,0.000000
59.157333,0.000000
59.178667,0.000000
59.200000,0.000000
59.221333,0.000000
59.242667,0.341108
59.264000,0.019841
59.285333,0.000000
59.306667,0.000000
59.328000,0.000000
59.349333,0.000000
59.370667,0.000000
59.392000,0.000000
59.413333,0.000000
59.434667,0.000000
59.456000,0.000000
59.477333,0.000034
59.498667,0.965069
59.520000,0.000335
59.541333,0.000000
59.562667,0.000000
59.584000,0.000000
59.605333,0.000000
59.626667,0.000000
59.648000,0.000000
59.669333,0.000000
59.690667,0.000000
59.712000,0.000000
59.733333,0.003866
59.754667,0.646905
59.776000,0.000000
59.797333,0.000000
59.818667,0.000000
59.840000,0.000000
59.861333,0.000000
59.882667,0.000000
59.904000,0.000000
59.925333,0.000000
59.946667,0.000000
59.968000,0.000000
59.989333,0.102740
60.010667,0.102740
60.032000,0.000000
60.053333,0.000000
60.074667,0.000000
60.096000,0.000000
60.117333,0.000000
60.138667,0.000000
60.160000,0.000000
60.181333,0.000000
60.202667,0.000000
60.224000,0.000001
60.245333,0.646905
60.266667,0.003866
60.288000,0.000000
60.309333,0.000000
60.330667,0.000000
60.352000,0.000000
60.373333,0.000000
60.394667,0.000000
60.416000,0.000000
60.437333,0.000000
60.458667,0.000000
60.480000,0.000335
60.501333,0.965069
60.522667,0.000000
60.544000,0.000000
60.565333,0.000000
60.586667,0.000000
60.608000,0.000000
60.629333,0.000000
60.650667,0.000000
60.672000,0.000000
60.693333,0.000000
60.714667,0.000000
60.736000,0.019841
60.757333,0.341108
60.778667,0.000000
60.800000,0.000000
60.821333,0.000000
60.842667,0.000000
60.864000,0.000000
60.885333,0.000000
60.906667,0.000000
60.928000,0.000000
60.949333,0.000000
60.970667,0.000000
60.992000,0.278037
61.013333,0.028566
61.034667,0.000000
61.056000,0.000000
61.077333,0.000000
61.098667,0.000000
61.120000,0.000000
61.141333,0.000000
61.162667,0.000000
61.184000,0.000000
61.205333,0.000000
61.226667,0.000019
61.248000,0.923116
61.269333,0.000567
61.290667,0.000000
61.312000,0.000000
61.333333,0.000000
61.354667,0.000000
61.376000,0.000000
61.397333,0.000000
61.418667,0.000000
61.440000,0.000000
61.461333,0.000000
61.482667,0.002457
61.504000,0.726149
61.525333,0.000000
61.546667,0.000000
61.568000,0.000000
61.589333,0.000000
61.610667,0.000000
61.632000,0.000000
61.653333,0.000000
61.674667,0.000000
61.696000,0.000000
61.717333,0.000000
61.738667,0.076621
61.760000,0.135335
61.781333,0.000000
61.802667,0.000000
61.824000,0.000000
61.845333,0.000000
61.866667,0.000000
61.888000,0.000000
61.909333,0.000000
61.930667,0.000000
61.952000,0.000000
61.973333,0.000001
61.994667,0.566154
62.016000,0.005976
62.037333,0.000000
62.058667,0.000000
62.080000,0.000000
62.101333,0.000000
62.122667,0.000000
62.144000,0.000000
62.165333,0.000000
62.186667,0.000000
62.208000,0.000000
62.229333,0.000195
62.250667,0.991151
62.272000,0.000000
62.293333,0.000000
62.314667,0.000000
62.336000,0.000000
62.357333,0.000000
62.378667,0.000000
62.400000,0.000000
62.421333,0.000000
62.442667,0.000000
62.464000,0.000000
62.485333,0.013538
62.506667,0.411112
62.528000,0.000000
62.549333,0.000000
62.570667,0.000000
62.592000,0.000000
62.613333,0.000000
62.634667,0.000000
62.656000,0.000000
62.677333,0.000000
62.698667,0.000000
62.720000,0.000000
62.741333,0.222635
62.762667,0.040401
62.784000,0.000000
62.805333,0.000000
62.826667,0.000000
62.848000,0.000000
62.869333,0.000000
62.890667,0.000000
62.912000,0.000000
62.933333,0.000000
62.954667,0.000000
62.976000,0.000010
62.997333,0.867428
63.018667,0.000941
63.040000,0.000000
63.061333,0.000000
63.082667,0.000000
63.104000,0.000000
63.125333,0.000000
63.146667,0.000000
63.168000,0.000000
63.189333,0.000000
63.210667,0.000000
63.232000,0.001534
63.253333,0.800737
63.274667,0.000000
63.296000,0.000000
63.317333,0.000000
63.338667,0.000000
63.360000,0.000000
63.381333,0.000000
63.402667,0.000000
63.424000,0.000000
63.445333,0.000000
63.466667,0.000000
63.488000,0.056135
63.509333,0.175131
63.530667,0.000000
63.552000,0.000000
63.573333,0.000000
63.594667,0.000000
63.616000,0.000000
63.637333,0.000000
63.658667,0.000000
63.680000,0.000000
63.701333,0.000000
63.722667,0.000000
63.744000,0.486752
63.765333,0.009075
63.786667,0.000000
63.808000,0.000000
63.829333,0.000000
63.850667,0.000000
63.872000,0.000000
63.893333,0.000000
63.914667,0.000000
63.936000,0.000000
63.957333,0.000000
63.978667,0.000111
64.000000,1.000000
64.021333,0.000111
64.042667,0.000000
64.064000,0.000000
64.085333,0.000000
64.106667,0.000000
64.128000,0.000000
64.149333,0.000000
64.170667,0.000000
64.192000,0.000000
64.213333,0.000000
64.234667,0.009075
64.256000,0.486752
64.277333,0.000000
64.298667,0.000000
64.320000,0.000000
64.341333,0.000000
64.362667,0.000000
64.384000,0.000000
64.405333,0.000000
64.426667,0.000000
64.448000,0.000000
64.469333,0.000000
64.490667,0.175131
64.512000,0.056135
64.533333,0.000000
64.554667,0.000000
64.576000,0.000000
64.597333,0.000000
64.618667,0.000000
64.640000,0.000000
64.661333,0.000000
64.682667,0.000000
64.704000,0.000000
64.725333,0.000005
64.746667,0.800737
64.768000,0.001534
64.789333,0.000000
64.810667,0.000000
64.832000,0.000000
64.853333,0.000000
64.874667,0.000000
64.896000,0.000000
64.917333,0.000000
64.938667,0.000000
64.960000,0.000000
64.981333,0.000941
65.002667,0.867428
65.024000,0.000000
65.045333,0.000000
65.066667,0.000000
65.088000,0.000000
65.109333,0.000000
65.130667,0.000000
65.152000,0.000000
65.173333,0.000000
65.194667,0.000000
65.216000,0.000000
65.237333,0.040401
65.258667,0.222635
65.280000,0.000000
65.301333,0.000000
65.322667,0.000000
65.344000,0.000000
65.365333,0.000000
65.386667,0.000000
65.408000,0.000000
65.429333,0.000000
65.450667,0.000000
65.472000,0.000000
65.493333,0.411112
65.514667,0.013538
65.536000,0.000000
65.557333,0.000000
65.578667,0.000000
65.600000,0.000000
65.621333,0.000000
65.642667,0.000000
65.664000,0.000000
65.685333,0.000000
65.706667,0.000000
65.728000,0.000063
65.749333,0.991151
65.770667,0.000195
65.792000,0.000000
65.813333,0.000000
65.834667,0.000000
65.856000,0.000000
65.877333,0.000000
65.898667,0.000000
65.920000,0.000000
65.941333,0.000000
65.962667,0.000000
65.984000,0.005976
66.005333,0.566154
66.026667,0.000000
66.048000,0.000000
66.069333,0.000000
66.090667,0.000000
66.112000,0.000000
66.133333,0.000000
66.154667,0.000000
66.176000,0.000000
66.197333,0.000000
66.218667,0.000000
66.240000,0.135335
66.261333,0.076621
66.282667,0.000000
66.304000,0.000000
66.325333,0.000000
66.346667,0.000000
66.368000,0.000000
66.389333,0.000000
66.410667,0.000000
66.432000,0.000000
66.453333,0.000000
66.474667,0.000003
66.496000,0.726149
66.517333,0.002457
66.538667,0.000000
66.560000,0.000000
66.581333,0.000000
66.602667,0.000000
66.624000,0.000000
66.645333,0.000000
66.666667,0.000000
66.688000,0.000000
66.709333,0.000000
66.730667,0.000567
66.752000,0.923116
66.773333,0.000000
66.794667,0.000000
66.816000,0.000000
66.837333,0.000000
66.858667,0.000000
66.880000,0.000000
66.901333,0.000000
66.922667,0.000000
66.944000,0.000000
66.965333,0.000000
66.986667,0.028566
67.008000,0.278037
67.029333,0.000000
67.050667,0.000000
67.072000,0.000000
67.093333,0.000000
67.114667,0.000000
67.136000,0.000000
67.157333,0.000000
67.178667,0.000000
67.200000,0.000000
67.221333,0.000000
67.242667,0.341108
67.264000,0.019841
67.285333,0.000000
67.306667,0.000000
67.328000,0.000000
67.349333,0.000000
67.370667,0.000000
67.392000,0.000000
67.413333,0.000000
67.434667,0.000000
67.456000,0.000000
67.477333,0.000034
67.498667,0.965069
67.520000,0.000335
67.541333,0.000000
67.562667,0.000000
67.584000,0.000000
67.605333,0.000000
67.626667,0.000000
67.648000,0.000000
67.669333,0.000000
67.690667,0.000000
67.712000,0.000000
67.733333,0.003866
67.754667,0.646905
67.776000,0.000000
67.797333,0.000000
67.818667,0.000000
67.840000,0.000000
67.861333,0.000000
67.882667,0.000000
67.904000,0.000000
67.925333,0.000000
67.946667,0.000000
67.968000,0.000000
67.989333,0.102740
68.010667,0.102740
68.032000,0.000000
68.053333,0.000000
68.074667,0.000000
68.096000,0.000000
68.117333,0.000000
68.138667,0.000000
68.160000,0.000000
68.181333,0.000000
68.202667,0.000000
68.224000,0.000001
68.245333,0.646905
68.266667,0.003866
68.288000,0.000000
68.309333,0.000000
68.330667,0.000000
68.352000,0.000000
68.373333,0.000000
68.394667,0.000000
68.416000,0.000000
68.437333,0.000000
68.458667,0.000000
68.480000,0.000335
68.501333,0.965069
68.522667,0.000000
68.544000,0.000000
68.565333,0.000000
68.586667,0.000000
68.608000,0.000000
68.629333,0.000000
68.650667,0.000000
68.672000,0.000000
68.693333,0.000000
68.714667,0.000000
68.736000,0.019841
68.757333,0.341108
68.778667,0.000000
68.800000,0.000000
68.821333,0.000000
68.842667,0.000000
68.864000,0.000000
68.885333,0.000000
68.906667,0.000000
68.928000,0.000000
68.949333,0.000000
68.970667,0.000000
68.992000,0.278037
69.013333,0.028566
69.034667,0.000000
69.056000,0.000000
69.077333,0.000000
69.098667,0.000000
69.120000,0.000000
69.141333,0.000000
69.162667,0.000000
69.184000,0.000000
69.205333,0.000000
69.226667,0.000019
69.248000,0.923116
69.269333,0.000567
69.290667,0.000000
69.312000,0.000000
69.333333,0.000000
69.354667,0.000000
69.376000,0.000000
69.397333,0.000000
69.418667,0.000000
69.440000,0.000000
69.461333,0.000000
69.482667,0.002457
69.504000,0.726149
69.525333,0.000000
69.546667,0.000000
69.568000,0.000000
69.589333,0.000000
69.610667,0.000000
69.632000,0.000000
69.653333,0.000000
69.674667,0.000000
69.696000,0.000000
69.717333,0.000000
69.738667,0.076621
69.760000,0.135335
69.781333,0.000000
69.802667,0.000000
69.824000,0.000000
69.845333,0.000000
69.866667,0.000000
69.888000,0.000000
69.909333,0.000000
69.930667,0.000000
69.952000,0.000000
69.973333,0.000001
69.994667,0.566154
70.016000,0.005976
70.037333,0.000000
70.058667,0.000000
70.080000,0.000000
70.101333,0.000000
70.122667,0.000000
70.144000,0.000000
70.165333,0.000000
70.186667,0.000000
70.208000,0.000000
70.229333,0.000195
70.250667,0.991151
70.272000,0.000000
70.293333,0.000000
70.314667,0.000000
70.336000,0.000000
70.357333,0.000000
70.378667,0.000000
70.400000,0.000000
70.421333,0.000000
70.442667,0.000000
70.464000,0.000000
70.485333,0.013538
70.506667,0.411112
70.528000,0.000000
70.549333,0.000000
70.570667,0.000000
70.592000,0.000000
70.613333,0.000000
70.634667,0.000000
70.656000,0.000000
70.677333,0.000000
70.698667,0.000000
70.720000,0.000000
70.741333,0.222635
70.762667,0.040401
70.784000,0.000000
70.805333,0.000000
70.826667,0.000000
70.848000,0.000000
70.869333,0.000000
70.890667,0.000000
70.912000,0.000000
70.933333,0.000000
70.954667,0.000000
70.976000,0.000010
70.997333,0.867428
71.018667,0.000941
71.040000,0.000000
71.061333,0.000000
71.082667,0.000000
71.104000,0.000000
71.125333,0.000000
71.146667,0.000000
71.168000,0.000000
71.189333,0.000000
71.210667,0.000000
71.232000,0.001534
71.253333,0.800737
71.274667,0.000000
71.296000,0.000000
71.317333,0.000000
71.338667,0.000000
71.360000,0.000000
71.381333,0.000000
71.402667,0.000000
71.424000,0.000000
71.445333,0.000000
71.466667,0.000000
71.488000,0.056135
71.509333,0.175131
71.530667,0.000000
71.552000,0.000000
71.573333,0.000000
71.594667,0.000000
71.616000,0.000000
71.637333,0.000000
71.658667,0.000000
71.680000,0.000000
71.701333,0.000000
71.722667,0.000000
71.744000,0.000000
